[
  {
    "id" :"1" , 
    "content": "Stack Introduction :",
    "about" : "Stack is a Linear Data Structure which works on : "  , 
    "data":"LIFO ( Last in First out ) Principal \n LIFO principal says that the element which is inserted at last will be deleted first from the stack."
  },
  {
    "id" :"2" , 
    "content":" Applications :  " , 
    "data":"1.  Used in backtracking problems \n 2. Used to check parenthesis matching in an expression \n 3. Execution of SubPrograms \n 4. Supports Recursion \n 5. JVM( Java Virtual Machine ) uses stack "
     
  },
  {
    "id" :"3" , 
    "content":"Practical Applications : " , 
    "data" : "1. Undo operations are possible by the help of Stack \n 2. To keep track of most recently used Tabs/file"
  },
  {
    "id" :"4" , 
    "content" : "Array Representation of Stack : "  , 
    "data" : "Stack can be Implemented by using an Array : " , 
    "data2" : "Suppose we have to create a stack which store integer type elements \n then an array of integer type is taken \n and and another variable is taken which points to top of the stack ",
    "content2" :"Drawbacks of Array Representation :", 
    "data3" : "Self refrential structure of Stack Node which stores integer type data :-  ",
    "data4" : "Suppose we taken the array arr \n and top variable as top " ,
    "data5" : "The Size of an array is fixed \n While, in a stack, there is no fixed size since the size of stack changed with the number of elements pushed or popped from it. \n This drawback is rectified in linked representation  " 
  },
  {
    "id" :"5" , 
    "content" : "Linked Representation of Stack : ",
    "data" : "" 
  },
  {
    "id" :"6" , 
    "content" : "Push Operation : ",
    "data" : "Push operation refers to inserting an element in the stack. \n Since there’s only one position at which the new element can be inserted i.e. Top of the stack, \n  the new element is inserted at the top of the stack." ,
    "content4":"Push operation \n( In Array Representation)  :" ,
   "content2":"Push operation \n( In Linked Representation)  :",
   "content3":"Push operation when a Stack is created by using an Array \n Here arr represents the array\n top represents the variable which points to top \n the new element is inserted at the top \n and the value of top is incremented by one  " , 
    "content5":"Push operation when a Stack is created by using list \n here memory is allocated to newly created pointer of stack type \n then, The top started pointing the newly created object "
  },
  {
    "id":"7" , 
    "content" :"Pop Operation",
    "data" :"Pop operation refers to deleting an element from the top of the stack . \n After deletion if stack is not empty \n the value of Top is decreased by 1",
    "content2" :"Pop operation \n ( IN Linked Representation) : " , 
    "content3" :"Pop operation \n ( In Array Representation ) "
  
  }



]