{
  "project_info": {
    "project_number": "331394193494",
    "project_id": "kiet-app",
    "storage_bucket": "kiet-app.appspot.com"
  },
  "client": [
    {
      "client_info": {
        "mobilesdk_app_id": "1:331394193494:android:937929f2dd1ebecf0403f7",
        "android_client_info": {
          "package_name": "com.example.admincollegeapp"
        }
      },
      "oauth_client": [
        {
          "client_id": "331394193494-7oqsn69ve8btj30ohs3e5flrcu3mkprv.apps.googleusercontent.com",
          "client_type": 3
        }
      ],
      "api_key": [
        {
          "current_key": "AIzaSyDeh_19cWuZRX_Y0RLVGCYkVnF9Nf3Rn0o"
        }
      ],
      "services": {
        "appinvite_service": {
          "other_platform_oauth_client": [
            {
              "client_id": "331394193494-7oqsn69ve8btj30ohs3e5flrcu3mkprv.apps.googleusercontent.com",
              "client_type": 3
            }
          ]
        }
      }
    }
  ],
  "configuration_version": "1"
}